source,date,title,url,image_url,image_local_path,summary,bias_flags,bias_explanation,who_benefits
The Guardian,2026-03-11,The US-Israeli strategy failed to defeat Iran quickly – now they are moving to plan B,https://www.theguardian.com/commentisfree/2026/mar/11/us-israel-iran-plan-b-strategy-dahiya-doctrine,https://media.guim.co.uk/ea94dcaf51fe0ef731a328fb49270fda000525e9/584_0_5836_4669/500.jpg,C:\Users\YDR\OneDrive\Documents\News Scraper\index_files\The_US-Israeli_strategy_failed_to_defeat_Iran_quic_0.jpg,It’s called the Dahiya doctrine – and the IDF and US air force are using it to destroy domestic support in IranPaul Rogers is emeritus professor of peace studies at Bradford University and author of Losing Control: International Security in the 21st Century,Opinion/Editorial,"This is an opinion or editorial piece, not objective reporting. The author's personal viewpoint shapes the narrative.",<b>The Guardian</b> leans <b>Center-left</b>. Tends to be sympathetic to Palestinian civilian perspectives and critical of Israeli military operations.
The Guardian,2026-03-11,Iran’s regional proxies hold back from all-out war with US and Israel,https://www.theguardian.com/world/2026/mar/11/irans-regional-proxies-hold-back-from-all-out-war-with-us-and-israel,https://media.guim.co.uk/54d0dbe26367f59e40d9f87dbd4d54cd6d6f75dd/500_0_5000_4000/500.jpg,C:\Users\YDR\OneDrive\Documents\News Scraper\index_files\Iran’s_regional_proxies_hold_back_from_all-out_war_1.jpg,Observers wait to see if Yemen-based Houthis will reopen hostilities as US warships approach Red Sea chokepoint,,,
The Guardian,2026-03-10,Iranians living in UK tell Starmer that war will only strengthen Tehran regime,https://www.theguardian.com/world/2026/mar/10/iranians-living-in-uk-warn-starmer-war-nazanin-zaghari-ratcliffe-letter,https://media.guim.co.uk/5b046f5ad7b46def877a4b7bcdcebfc964058a3c/412_0_1762_1410/500.jpg,C:\Users\YDR\OneDrive\Documents\News Scraper\index_files\Iranians_living_in_UK_tell_Starmer_that_war_will_o_2.jpg,Nazanin Zaghari-Ratcliffe among more than 100 signatories to letter urging PM not to get drawn further into the conflict,,,
The Guardian,2026-03-10,Labor MPs quietly alarmed by Albanese government’s response to US-Israel strikes on Iran,https://www.theguardian.com/australia-news/2026/mar/10/albanese-government-response-iran-war-labor-mps,https://media.guim.co.uk/b85ac8ae5afd18d6d88fe5ba4521bc09b00166e3/844_0_6692_5357/500.jpg,C:\Users\YDR\OneDrive\Documents\News Scraper\index_files\Labor_MPs_quietly_alarmed_by_Albanese_government’s_3.jpg,"Exclusive: Several MPs question why the party rushed to endorse strikes that were likely in breach of international lawFollow our Australia news live blog for latest updatesGet our breaking news email, free app or daily news podcast",,,
The Guardian,2026-03-11,"Five killed in strikes on Lebanon, health ministry reports – as it happened",https://www.theguardian.com/world/live/2026/mar/10/iran-war-live-updates-iranian-supreme-leader-mojtaba-khamenei-middle-east-tehran-oil-prices-latest-news,https://media.guim.co.uk/7a407a89532007183b90d10eb72c9e3127aea455/928_0_4640_3712/500.jpg,"C:\Users\YDR\OneDrive\Documents\News Scraper\index_files\Five_killed_in_strikes_on_Lebanon,_health_ministry_4.jpg",This live blog is now closed – our coverage of the Middle East crisis continues hereMiddle East crisis – live updates,,,
The Guardian,2026-03-11,"‘If I go home, we don’t have enough money’: the low-paid Filipino workers caught up in the war on Iran",https://www.theguardian.com/world/2026/mar/11/iran-war-filipino-workers-israel,https://media.guim.co.uk/5d2f75d00a1bdd002405472a7249eac02711fa0b/2_0_6663_5333/500.jpg,"C:\Users\YDR\OneDrive\Documents\News Scraper\index_files\‘If_I_go_home,_we_don’t_have_enough_money’__the_lo_5.jpg","Filipino carer Mary Ann De Vera was the first victim of the war in Israel, while thousands of others remain in vulnerable positions across the Middle East",,,
The Guardian,2026-03-10,Pete Hegseth warns of ‘most intense’ day of US strikes on Iran yet,https://www.theguardian.com/world/2026/mar/10/hegseth-iran-intense-strikes-civilian-deaths,https://media.guim.co.uk/a6b31b4f7985693edec5ab0e8ce77ae11d98f4d7/351_0_4297_3438/500.jpg,C:\Users\YDR\OneDrive\Documents\News Scraper\index_files\Pete_Hegseth_warns_of_‘most_intense’_day_of_US_str_6.jpg,Pentagon chief spoke with Gen Dan Caine at a press conference and blamed Iran for civilian casualties Sign up for the Breaking News US email to get newsletter alerts in your inbox,,,
The Guardian,2026-03-10,Fuel supply and Middle East conflict dominate political debate – as it happened,https://www.theguardian.com/australia-news/live/2026/mar/10/iran-football-team-tony-burke-anthony-albanese-labor-angus-taylor-coalition-oil-price-inflation-federal-parliament-ntwnfb,https://media.guim.co.uk/05ebf302e006bd9afbd8b218fe5e55911dece243/28_0_6880_5504/500.jpg,C:\Users\YDR\OneDrive\Documents\News Scraper\index_files\Fuel_supply_and_Middle_East_conflict_dominate_poli_7.jpg,"Follow updates live‘I’m buggered’: David Littleproud resigns as leader of National party as Matt Canavan flags tiltGet our breaking news email, free app or daily news podcast",,,
BBC News,2026-03-11,US strikes minelaying ships in Iran after warning of 'intense' day of bombing,https://www.bbc.com/news/articles/cgrzken84q5o?at_medium=RSS&at_campaign=rss,https://ichef.bbci.co.uk/news/1024/branded_news/6905/live/3f130600-1cac-11f1-801d-ed3cff6bf876.jpg,C:\Users\YDR\OneDrive\Documents\News Scraper\index_files\US_strikes_minelaying_ships_in_Iran_after_warning__0.jpg,"US intelligence assets believe Iran is preparing to deploy naval mines in the Strait of Hormuz, the world's busiest oil shipping channel.",,,
BBC News,2026-03-11,Member of Iranian football delegation granted Australian asylum changes her mind,https://www.bbc.com/news/articles/c93j2492d0do?at_medium=RSS&at_campaign=rss,https://ichef.bbci.co.uk/news/1024/branded_news/e80d/live/273a2e60-1cec-11f1-9b34-c51430981061.jpg,C:\Users\YDR\OneDrive\Documents\News Scraper\index_files\Member_of_Iranian_football_delegation_granted_Aust_1.jpg,"One of the seven women who received visas has reversed her decision after speaking to teammates, minister says",,,
BBC News,2026-03-11,Inside the Australian hotel where Iranian footballers escaped to claim asylum,https://www.bbc.com/news/articles/c15x1928n48o?at_medium=RSS&at_campaign=rss,https://ichef.bbci.co.uk/news/1024/branded_news/4544/live/2cd65170-1cfe-11f1-ad67-1389c2bfbcfe.jpg,C:\Users\YDR\OneDrive\Documents\News Scraper\index_files\Inside_the_Australian_hotel_where_Iranian_football_2.jpg,Activists played a key role in making contact with the women as they tried to dodge their minders.,,,
BBC News,2026-03-10,War expands to central Beirut as Israeli strike kills Iranians in luxury hotel,https://www.bbc.com/news/articles/c2k8y7vy78no?at_medium=RSS&at_campaign=rss,https://ichef.bbci.co.uk/news/1024/branded_news/232c/live/1822eae0-1c7c-11f1-b048-c9424b2cf5fd.jpg,C:\Users\YDR\OneDrive\Documents\News Scraper\index_files\War_expands_to_central_Beirut_as_Israeli_strike_ki_3.jpg,"Israel's military says it targeted Quds Force operatives after a return to war with Lebanon's Hezbollah movement, but Iran says they were diplomats.",,,
BBC News,2026-03-10,'I just want to be able to sleep': Attacks in Iran rock cities and cut power,https://www.bbc.com/news/articles/cev7llekwllo?at_medium=RSS&at_campaign=rss,https://ichef.bbci.co.uk/news/1024/branded_news/c358/live/94c81d10-1c75-11f1-a7bf-efb6e72f87e6.jpg,C:\Users\YDR\OneDrive\Documents\News Scraper\index_files\'I_just_want_to_be_able_to_sleep'__Attacks_in_Iran_4.jpg,Iranians in Tehran and Karaj tell the BBC they are exhausted and struggling to sleep after 10 days of Israeli and US attacks.,,,
BBC News,2026-03-10,Lebanon calls for talks with Israel on plan to end Hezbollah conflict,https://www.bbc.com/news/articles/cd9g5p3ppxlo?at_medium=RSS&at_campaign=rss,https://ichef.bbci.co.uk/news/1024/branded_news/97c5/live/781d23c0-1c90-11f1-801d-ed3cff6bf876.jpg,C:\Users\YDR\OneDrive\Documents\News Scraper\index_files\Lebanon_calls_for_talks_with_Israel_on_plan_to_end_5.jpg,"President Aoun outlines a path towards ""permanent security and stability"", as Israeli strikes targeting Hezbollah continue.",,,
BBC News,2026-03-10,GPS jamming: The invisible battle in the Middle East,https://www.bbc.com/news/articles/c3ewwlx9e1xo?at_medium=RSS&at_campaign=rss,https://ichef.bbci.co.uk/news/1024/branded_news/3e50/live/f7dc5ff0-1893-11f1-b048-c9424b2cf5fd.png,C:\Users\YDR\OneDrive\Documents\News Scraper\index_files\GPS_jamming__The_invisible_battle_in_the_Middle_Ea_6.png,"GPS jamming has made navigation hazardous in the Gulf, spurring efforts to develop alternatives.",,,
BBC News,2026-03-11,In maps: 12 days of strikes across the Middle East,https://www.bbc.com/news/articles/c4g0pnnj8xyo?at_medium=RSS&at_campaign=rss,https://ichef.bbci.co.uk/news/1024/branded_news/a5f0/live/298dc640-1d37-11f1-801d-ed3cff6bf876.png,C:\Users\YDR\OneDrive\Documents\News Scraper\index_files\In_maps__12_days_of_strikes_across_the_Middle_East_7.png,"The US says it ""eliminated"" 16 Iranian ships as Israel carried out further attacks in Lebanon and Iran.",,,
BBC News,2026-03-10,'Bombs exploded' - Iranians describe fleeing the country,https://www.bbc.com/news/videos/ckg1e540jz5o?at_medium=RSS&at_campaign=rss,https://ichef.bbci.co.uk/images/ic/1024xn/ichef.bbci.co.uk/images/ic/$widthxn/p0n5t7rd.jpg,C:\Users\YDR\OneDrive\Documents\News Scraper\index_files\'Bombs_exploded'_-_Iranians_describe_fleeing_the_c_8.jpg,The BBC's Emily Wither speaks to people who have left Iran on a border crossing in eastern Turkey.,,,
BBC News,2026-03-11,Video released by US shows strikes on Iranian vessels near Strait of Hormuz,https://www.bbc.co.uk/programmes/p0n5vrfw?at_medium=RSS&at_campaign=rss,https://ichef.bbci.co.uk/images/ic/1200x675/p01tqv8z.png,C:\Users\YDR\OneDrive\Documents\News Scraper\index_files\Video_released_by_US_shows_strikes_on_Iranian_vess_9.png,Video released by US shows strikes on Iranian vessels near Strait of Hormuz,,,
Al Jazeera,2026-03-11,"Spain removes ambassador from Israel, as opposes war on Iran, Gaza genocide",https://www.aljazeera.com/news/2026/3/11/spain-removes-ambassador-from-israel-as-opposes-war-on-iran-gaza-genocide?traffic_source=rss,https://www.aljazeera.com/wp-content/uploads/2026/02/afp_6985b23df254-1770369598.jpg?resize=1920%2C1440,"C:\Users\YDR\OneDrive\Documents\News Scraper\index_files\Spain_removes_ambassador_from_Israel,_as_opposes_w_0.jpg",Madrid recalls ambassador amid rising diplomatic tensions and criticism of US-Israeli actions in Iran.,Loaded language: genocide,The term(s) <b>'genocide'</b> frame the situation in extreme moral terms typically used to condemn Israeli actions. This language goes beyond factual reporting and invokes international law violations.,Benefits the <b>Palestinian / anti-war narrative</b> — maximizes moral pressure on Israel and frames the conflict as a human rights crisis rather than a security operation.
Al Jazeera,2026-03-11,‘Siren economy’: Why tactical wins fail to bring Israel strategic safety,https://www.aljazeera.com/features/2026/3/11/siren-economy-why-tactical-wins-fail-to-bring-israel-strategic-safety?traffic_source=rss,https://www.aljazeera.com/wp-content/uploads/2026/03/2026-03-09T170707Z_1133816736_RC2T0KAHXGTM_RTRMADP_3_IRAN-CRISIS-ISRAEL-1773118161.jpg?resize=1920%2C1440,C:\Users\YDR\OneDrive\Documents\News Scraper\index_files\‘Siren_economy’__Why_tactical_wins_fail_to_bring_I_1.jpg,Analyst refers to 'security achievement gap' of tactical assassinations that fail to bring Israel security.,,,
Al Jazeera,2026-03-11,Al Jazeera visits Middle East’s first women-only mosque,https://www.aljazeera.com/video/newsfeed/2026/3/11/al-jazeera-visits-middle-easts-first-women-only-mosque?traffic_source=rss,https://www.aljazeera.com/wp-content/uploads/2026/03/wide-2-1773231368.jpg?resize=1800%2C1063,C:\Users\YDR\OneDrive\Documents\News Scraper\index_files\Al_Jazeera_visits_Middle_East’s_first_women-only_m_2.jpg,"Al Jazeera visited the first women-only mosque in the Middle East, in the Qatari capital Doha.",,,
Al Jazeera,2026-03-11,Which countries have seen the highest petrol prices since the Iran war?,https://www.aljazeera.com/news/2026/3/11/which-countries-have-seen-the-highest-petrol-prices-since-the-iran-war?traffic_source=rss,https://www.aljazeera.com/wp-content/uploads/2026/03/getty_69b145becd-1773225406.jpg?resize=1920%2C1440,C:\Users\YDR\OneDrive\Documents\News Scraper\index_files\Which_countries_have_seen_the_highest_petrol_price_3.jpg,At least 85 countries have reported petrol price rises since the attacks on Iran by the US and Israel on February 28.,,,
Al Jazeera,2026-03-11,Iran security chief warns against anti-government protests,https://www.aljazeera.com/video/newsfeed/2026/3/11/iran-security-chief-warns-against-anti-government-protests?traffic_source=rss,https://www.aljazeera.com/wp-content/uploads/2026/03/image-1773229392.jpg?resize=1920%2C1080&quality=80,C:\Users\YDR\OneDrive\Documents\News Scraper\index_files\Iran_security_chief_warns_against_anti-government__4.jpg,"Anti-government protesters will be treated as an “enemy” as US-Israeli attacks continue, says Iran’s security chief.",,,
Al Jazeera,2026-03-11,How much a day of war on Iran costs the US,https://www.aljazeera.com/video/by-the-numbers-3/2026/3/11/how-much-a-day-of-war-on-iran-costs-the-us-2?traffic_source=rss,https://www.aljazeera.com/wp-content/uploads/2026/03/BTN_Thumbnail_Landscape_V07-1773229200.png?resize=1920%2C1008&quality=80,C:\Users\YDR\OneDrive\Documents\News Scraper\index_files\How_much_a_day_of_war_on_Iran_costs_the_US_5.png,The US spent $3.7 billion in the first four days of bombing Iran. Here’s the bill.,,,
Al Jazeera,2026-03-11,"12 days: How 2025 Iran blueprint trapped US, Israel in longer war",https://www.aljazeera.com/features/2026/3/11/12-days-how-2025-iran-blueprint-trapped-us-israel-in-longer-war?traffic_source=rss,https://www.aljazeera.com/wp-content/uploads/2026/03/2026-03-06T165434Z_736105291_RC2XXJAWYKV2_RTRMADP_3_IRAN-CRISIS-1773174239.jpg?resize=1920%2C1440,"C:\Users\YDR\OneDrive\Documents\News Scraper\index_files\12_days__How_2025_Iran_blueprint_trapped_US,_Israe_6.jpg","Unlike the truce from last year's 12-day war, ""decapitation"" strikes have locked US and Israel in a war of attrition.",,,
Al Jazeera,2026-03-11,"4 day week, fewer car trips in Philippines as Iran fallout bites",https://www.aljazeera.com/video/newsfeed/2026/3/11/4-day-week-fewer-car-trips-in-philippines-as-iran-fallout-bites?traffic_source=rss,https://www.aljazeera.com/wp-content/uploads/2026/03/image-1773228702.jpg?resize=1920%2C1080&quality=80,"C:\Users\YDR\OneDrive\Documents\News Scraper\index_files\4_day_week,_fewer_car_trips_in_Philippines_as_Iran_7.jpg",Rising fuel prices are pushing more people to use public transport and prompting a four-day work week in Manila.,,,
Al Jazeera,2026-03-11,Iranian female footballer changes mind on Australian asylum offer,https://www.aljazeera.com/video/newsfeed/2026/3/11/iranian-female-footballer-changes-mind-on-australian-asylum-offer?traffic_source=rss,https://www.aljazeera.com/wp-content/uploads/2026/03/image-1773227651.jpg?resize=1920%2C1080&quality=80,C:\Users\YDR\OneDrive\Documents\News Scraper\index_files\Iranian_female_footballer_changes_mind_on_Australi_8.jpg,One member of the Iranian women’s football team offered asylum by Australia has decided to return home to Iran.,,,
Al Jazeera,2026-03-11,"Iran declares US-Israeli economic, banking interests in region are targets",https://www.aljazeera.com/news/2026/3/11/iran-declares-us-israeli-economic-banking-interests-in-region-as-targets?traffic_source=rss,https://www.aljazeera.com/wp-content/uploads/2026/03/2022-12-27T094008Z_682145682_RC29EY9BZBWR_RTRMADP_3_ISRAEL-POLITICS-BUSINESS-1773224916.jpg?resize=1920%2C1440,"C:\Users\YDR\OneDrive\Documents\News Scraper\index_files\Iran_declares_US-Israeli_economic,_banking_interes_9.jpg",IRGC releases a list of offices run by top US companies with Israeli links whose technology has been used militarily.,,,
New York Times,2026-03-11,Live Updates: Japan and Germany to Release Oil as War in Iran Threatens Global Supply,https://www.nytimes.com/live/2026/03/11/world/iran-war-news-trump-oil-israel,,,"The Strait of Hormuz, a conduit for a fifth of the world’s oil, is all but closed as war in the Middle East expands. A British agency said three ships were hit by unidentified projectiles in or near the strait.",,,
New York Times,2026-03-11,How Trump’s War With Iran Changed the World in a Week,https://www.nytimes.com/2026/03/11/world/europe/trump-iran-war-global-impact.html,,,"The conflict is reshaping travel patterns, energy dependencies, living costs, trade routes and diplomatic alliances.",,,
New York Times,2026-03-11,World Heritage Sites Hit in Airstrikes on Iran,https://www.nytimes.com/2026/03/11/world/middleeast/iram-heritage-sites-damaged.html,,,Revered cultural icons that have withstood the upheavals of history are being hit hard in the war being waged by Israel and the United States.,,,
New York Times,2026-03-11,"Iran’s New Supreme Leader Was Wounded Early in the War, Iranian and Israeli Officials Say",https://www.nytimes.com/2026/03/11/world/middleeast/khamenei-iran-leader-injured.html,,,"Officials say Mojtaba Khamenei’s legs were hurt, but the circumstances as well as the extent of his injuries were unclear. He has remained out of view since being announced as leader three days ago.",,,
New York Times,2026-03-11,"Trump Will Let Iran Play at 2026 World Cup in U.S., FIFA Chief Says",https://www.nytimes.com/2026/03/11/world/europe/trump-iran-world-cup-fifa-infantino.html,,,"The head of soccer’s global governing body, Gianni Infantino, said that President Trump had assured him the Iranian team could participate in this summer’s tournament despite the war in the Middle East.",,,
New York Times,2026-03-11,UK Bans Al Quds Protest March That Critics Say Supports Iranian Regime,https://www.nytimes.com/2026/03/11/world/middleeast/uk-iran-al-quds-march-ban.html,,,Britain’s government invoked rarely-used powers to ban a pro-Palestinian protest march scheduled for Sunday.,,,
New York Times,2026-03-11,Democrats Demand Accountability from Hegseth on Iranian School Strike,https://www.nytimes.com/2026/03/11/world/middleeast/democrats-hegseth-minab-school-strike.html,,,A majority of Senate Democrats called on Secretary of Defense Pete Hegseth to disclose whether the U.S. carried out the deadly attack.,,,
New York Times,2026-03-11,How Trump and His Advisers Miscalculated Iran’s Response to War,https://www.nytimes.com/2026/03/10/us/politics/how-trump-miscalculated-iran-response.html,,,"In the lead-up to the U.S.-Israeli attack, President Trump downplayed the risks to the energy markets as a short-term concern that should not overshadow the mission to decapitate the Iranian regime.",,,
New York Times,2026-03-11,"Missiles, Drones and Airstrikes Pound Middle East Into 12th Day of War",https://www.nytimes.com/2026/03/10/world/middleeast/iran-war-israel-middle-east-strikes.html,,,The effects of the war are being felt through the Persian Gulf.,,,
New York Times,2026-03-11,Here’s What Happened in the War in the Middle East on Tuesday,https://www.nytimes.com/2026/03/10/world/middleeast/iran-war-us-israel-lebanon-recap.html,,,"Trump administration officials cast the president as the sole arbiter on the U.S. war effort. International aid groups were warning of a growing humanitarian crisis in Lebanon, where nearly 700,000 people had been displaced, the U.N. said.",,,
NPR,2026-03-11,"Americans skeptical of the Iran war, poll says. And, DOJ gives guns back to felons",https://www.npr.org/2026/03/11/g-s1-113261/up-first-newsletter-iran-israel-us-georgia-clay-fuller-shawn-harris-second-amendment-rights-national-guard,https://npr.brightspotcdn.com/dims3/default/strip/false/crop/3548x1996+0+70/resize/1400/quality/85/format/jpeg/?url=http%3A%2F%2Fnpr-brightspot.s3.amazonaws.com%2Ffb%2F1f%2F0135372f48398c8bf4152388a54c%2Fgettyimages-2265399017.jpg,"C:\Users\YDR\OneDrive\Documents\News Scraper\index_files\Americans_skeptical_of_the_Iran_war,_poll_says._An_0.jpg","A majority of Americans oppose the U.S.' involvement in the war with Iran, according to a new NPR/PBS News/Marist poll. And, the Department of Justice is quietly restoring gun rights to felons.",,,
NPR,2026-03-11,U.S. attacks Iranian mine-laying vessels near Hormuz on Day 12 of war,https://www.npr.org/2026/03/11/nx-s1-5744029/us-iran-war,https://npr.brightspotcdn.com/dims3/default/strip/false/crop/8640x4860+0+517/resize/1400/quality/85/format/jpeg/?url=http%3A%2F%2Fnpr-brightspot.s3.amazonaws.com%2Faa%2Fe6%2F57a83a1e45eabab9afd44e356799%2Fap26066809719081.jpg,C:\Users\YDR\OneDrive\Documents\News Scraper\index_files\U.S._attacks_Iranian_mine-laying_vessels_near_Horm_1.jpg,"Attacks and counterattacks continued throughout the Middle East Wednesday. Two cargo ships were struck in the Gulf, as some lawmakers in Washington pressed for answers on the war's rationale.",,,
NPR,2026-03-10,Iran war latest: Hegseth says today marks heaviest bombing yet,https://www.npr.org/2026/03/10/nx-s1-5743569/iran-war-latest-hegseth-says-today-marks-heaviest-bombing-yet,https://media.npr.org/include/images/facebook-default-wide-s1400-c85.jpg,C:\Users\YDR\OneDrive\Documents\News Scraper\index_files\Iran_war_latest__Hegseth_says_today_marks_heaviest_2.jpg,"Defense Secretary Pete Hegseth says Tuesday marks the most intense U.S. bombing yet in the Iran war. The 11 days of fighting have spooked oil markets, and the Strait of Hormuz is effectively closed.",,,
NPR,2026-03-10,Why Russia is assisting Iran's military,https://www.npr.org/2026/03/10/nx-s1-5739339/why-russia-is-assisting-irans-military,https://media.npr.org/include/images/facebook-default-wide-s1400-c85.jpg,C:\Users\YDR\OneDrive\Documents\News Scraper\index_files\Why_Russia_is_assisting_Iran's_military_3.jpg,"NPR's Juana Summers speaks with Nicole Grajewski, professor at Sciences Po and author of Russia and Iran, about Russia's reported support of Iran's military.",,,
NPR,2026-03-10,Photos from Iran and across the Middle East as the war enters Week 2,https://www.npr.org/2026/03/10/g-s1-113081/photos-iran-us-israel-war-middle-east-week-2,https://npr.brightspotcdn.com/dims3/default/strip/false/crop/5500x3094+0+287/resize/1400/quality/85/format/jpeg/?url=http%3A%2F%2Fnpr-brightspot.s3.amazonaws.com%2F30%2F54%2F002c9dce46c4bc88cd2c2b323862%2F28-2026-03-07t114750z-1347817953-rc2mzja405yn-rtrmadp-3-iran-crisis-lebanon.JPG,C:\Users\YDR\OneDrive\Documents\News Scraper\index_files\Photos_from_Iran_and_across_the_Middle_East_as_the_4.jpg,"More than a week of the U.S. and Israel's war against Iran has dragged in global powers, upended the world's energy and transport sectors, and brought chaos to usually peaceful areas of the region.",,,
NPR,2026-03-10,"Trump gives mixed signals on Iran war. And, how Epstein built ties to scientists",https://www.npr.org/2026/03/10/g-s1-113153/up-first-newsletter-iran-us-israel-lebanon-trump-new-york-protest-attack-epstein-lawsuit-immigration,https://npr.brightspotcdn.com/dims3/default/strip/false/crop/8126x4571+0+423/resize/1400/quality/85/format/jpeg/?url=http%3A%2F%2Fnpr-brightspot.s3.amazonaws.com%2F90%2F86%2F89f4113f4d159fae8a335b5ecf66%2Fgettyimages-2265661568.jpg,"C:\Users\YDR\OneDrive\Documents\News Scraper\index_files\Trump_gives_mixed_signals_on_Iran_war._And,_how_Ep_5.jpg","President Trump provided conflicting messages about when the U.S. and Israel's war with Iran will end. And, NPR investigates how late convicted sex offender Jeffrey Epstein leveraged ties with scientists.",,,
NPR,2026-03-10,The U.S. vowed its 'most intense day of strikes inside Iran',https://www.npr.org/2026/03/10/nx-s1-5742828/iran-war-us-trump,https://npr.brightspotcdn.com/dims3/default/strip/false/crop/6000x3375+0+313/resize/1400/quality/85/format/jpeg/?url=http%3A%2F%2Fnpr-brightspot.s3.amazonaws.com%2Ffd%2F65%2Fbdb14a65441e980c125babdfa17d%2Fgettyimages-2265082091.jpg,C:\Users\YDR\OneDrive\Documents\News Scraper\index_files\The_U.S._vowed_its_'most_intense_day_of_strikes_in_6.jpg,"Defense Secretary Pete Hegseth said the Pentagon was giving President Trump ""maximum options"" and that the war will not be ""endless,"" a day after the president gave mixed signals about progress.",,,
NPR,2026-03-10,Old-school tricks and AI tech are weapons in the Iran war,https://www.npr.org/2026/03/10/nx-s1-5741726/israel-iran-war-cyber-ai,https://npr.brightspotcdn.com/dims3/default/strip/false/crop/5333x3000+0+308/resize/1400/quality/85/format/jpeg/?url=http%3A%2F%2Fnpr-brightspot.s3.amazonaws.com%2Fce%2Fe1%2Fbdf6a31b400aa5f42f57a673444d%2Fap26067298317301.jpg,C:\Users\YDR\OneDrive\Documents\News Scraper\index_files\Old-school_tricks_and_AI_tech_are_weapons_in_the_I_7.jpg,"Cyberwarfare is coming out of the shadows in the Iran war, from hacking phone apps to recruiting agents online to embracing AI as a weapon.",,,
France 24,2026-03-11,Lebanese displaced by Israeli strikes speak to FRANCE 24,https://www.france24.com/en/video/20260311-lebanese-displaced-by-israeli-strikes-speak-to-france-24,https://s.france24.com/media/display/de4185aa-1d45-11f1-aebf-005056a97e36/w:1280/p:16x9/Montage-916-00-03-07-19-Still002.jpg,C:\Users\YDR\OneDrive\Documents\News Scraper\index_files\Lebanese_displaced_by_Israeli_strikes_speak_to_FRA_0.jpg,"For the past ten days, Israel has been relentlessly bombing Hezbollah strongholds in Beirut’s southern suburbs as well as southern Lebanon. As the number of displaced people now approaches 760,000, some have found shelter in reception centres in the capital, while others are forced to sleep on the streets. Our special correspondents spoke to several of them.",,,
France 24,2026-03-11,"While southern Lebanon evacuates, northern Israel stays put",https://www.france24.com/en/while-southern-lebanon-evacuates-northern-israel-stays-put,https://s.france24.com/media/display/96f50250-1d3e-11f1-9ab7-005056a90284/w:1280/p:16x9/EN-20260311-121133-121348-CS.jpg,"C:\Users\YDR\OneDrive\Documents\News Scraper\index_files\While_southern_Lebanon_evacuates,_northern_Israel__1.jpg","France will be sending 60 tons of humanitarian aid to Lebanon, as entire towns in the south of the country are under evacuation after orders were issued by the Israeli army. But across the border in Israel the strategy is different and many choose to stay put. The government is determined to keep people in their homes after it spent billions housing hundreds of thousands of displaced following the October 7 attacks.",,,
France 24,2026-03-11,Central Beirut targeted by Israeli strikes for second time since war started,https://www.france24.com/en/central-beirut-targeted-by-israeli-strikes-for-second-time-since-war-started,https://s.france24.com/media/display/d83a57c0-1d3d-11f1-939d-005056bfb2b6/w:1280/p:16x9/EN-20260311-120906-121050-CS.jpg,C:\Users\YDR\OneDrive\Documents\News Scraper\index_files\Central_Beirut_targeted_by_Israeli_strikes_for_sec_2.jpg,"An Israeli strike hit an apartment block in central Beirut on March 11, further widening Israeli attacks in the capital beyond the Hezbollah-controlled southern suburbs where ​heavy bombardment continued. Israeli strikes have killed nearly 600 people in Lebanon, and uprooted 700,000 more, according to Lebanese authorities.",,,
France 24,2026-03-11,"""No sign of Iranian uprising"" despite US-Israeli encouragement",https://www.france24.com/en/no-sign-of-iranian-uprising-despite-us-israeli-encouragement,https://s.france24.com/media/display/6dbeef76-1d3f-11f1-8c46-005056a97e36/w:1280/p:16x9/capture-167468895869b1553833a258-24732467.jpg,C:\Users\YDR\OneDrive\Documents\News Scraper\index_files\_No_sign_of_Iranian_uprising__despite_US-Israeli_e_3.jpg,"Iran's new supreme leader Mojtaba Khamenei is injured but ""safe and sound"", the son of the president said on March 11, offering the first official explanation for why the 56-year-old has not been seen since his appointment. Meanwhile, the US and Israel are hoping to see an uprising in Iran which would dislodge the regime - to no avail. FRANCE 24's Angela Diffley looks into the political situation in the country.",,,
France 24,2026-03-11,Dubai airport and Saudi oil field among targets of Iranian drones,https://www.france24.com/en/dubai-airport-and-saudi-oil-field-among-targets-of-iranian-drones,https://s.france24.com/media/display/8ec9e79e-1d34-11f1-808a-005056a90284/w:1280/p:16x9/EN-20260311-103501-103646-CS.jpg,C:\Users\YDR\OneDrive\Documents\News Scraper\index_files\Dubai_airport_and_Saudi_oil_field_among_targets_of_4.jpg,"Israel has warned of attacks as Iranian counterstrikes continue against it and US allies in the Gulf. Saudi Arabia said it has neutralised five drones targeting one of the kingdom's oil field, while drones also fell near Dubai's airport.",,,
France 24,2026-03-11,"Not ""unlikely"" some Iranian football players pressured to return from Australia",https://www.france24.com/en/video/20260311-not-unlikely-some-iranian-football-players-pressured-to-return-from-australia-1,https://s.france24.com/media/display/227694f4-1d1e-11f1-bfbc-005056bf30b7/w:1280/p:16x9/AP26069408034991.jpg,C:\Users\YDR\OneDrive\Documents\News Scraper\index_files\Not__unlikely__some_Iranian_football_players_press_5.jpg,"Australian police helped two more members of the Iranian women's soccer delegation slip their minders to claim asylum, but one has changed her mind and decided to go back to Iran, according to authorities. Concerns about the players' safety upon their return home ‌grew after Iranian state television labelled the team ""wartime traitors"" for refusing to sing the national anthem during a women's Asian ⁠Cup match in Australia. FRANCE 24's Grégory Plesse breaks down what happened from Sydney.",,,
France 24,2026-03-11,Iran adoption a strategy of 'war of attrition on several fronts',https://www.france24.com/en/iran-adoption-a-strategy-of-war-of-attrition-on-several-fronts,https://s.france24.com/media/display/79badb70-1d33-11f1-bb02-005056bf30b7/w:1280/p:16x9/EN-20260311-101247-101701-CS.jpg,C:\Users\YDR\OneDrive\Documents\News Scraper\index_files\Iran_adoption_a_strategy_of_'war_of_attrition_on_s_6.jpg,"On the second week of the war in the Middle East, Iran continues to target Israel and US allies in the Gulf. More strikes have been intercepted, according to reports across several countries. Iran's targets include oil infrastructures, which is part of its ""war of attrition"" strategy, which applies on several fronts. FRANCE 24's Hoda Abdel-Hamid tells us more from Doha, in Qatar.",,,
France 24,2026-03-11,"Israel strikes central Beirut, as number of displaced goes over 700,000",https://www.france24.com/en/israel-strikes-central-beirut-as-number-of-displaced-goes-over-700-000,https://s.france24.com/media/display/2984b0fe-1d33-11f1-b993-005056bfb2b6/w:1280/p:16x9/EN-20260311-102317-102651-CS.jpg,"C:\Users\YDR\OneDrive\Documents\News Scraper\index_files\Israel_strikes_central_Beirut,_as_number_of_displa_7.jpg","Central Beirut was targeted by fresh Israeli strikes in the early hours of March 11, for the second time since the star of the war. More than 560 people have been killed and over 700,000 displaced - about a tenth of the population - since Israeli started striking the country. FRANCE 24's Catherine Norris Trent has more from the ground.",,,
France 24,2026-03-11,Concern grows over possibility of Iran mining Strait of Hormuz,https://www.france24.com/en/concern-grows-over-possibility-of-iran-mining-strait-of-hormuz,https://s.france24.com/media/display/f6038ca4-1d2e-11f1-bf97-005056bfb2b6/w:1280/p:16x9/EN-20260311-100355-100538-CS.jpg,C:\Users\YDR\OneDrive\Documents\News Scraper\index_files\Concern_grows_over_possibility_of_Iran_mining_Stra_8.jpg,"The US says it has destroyed over a dozen Iranian ships capable of laying mines in the Strait of Hormuz. The crucial passage point for oil has been effectively closed due to Iranian threats. Trump warned Iran that the presence of mines would lead to military consequences ""at a level never seen before"".",,,
France 24,2026-03-11,"US-Israeli bombing destroyed nearly 10,000 civilian sites, says Iranian UN envoy",https://www.france24.com/en/us-israeli-bombing-destroyed-nearly-10-000-civilian-sites-says-iranian-un-envoy,https://s.france24.com/media/display/b4684692-1d2c-11f1-8aab-005056bf30b7/w:1280/p:16x9/EN-20260311-100138-100322-CS.jpg,"C:\Users\YDR\OneDrive\Documents\News Scraper\index_files\US-Israeli_bombing_destroyed_nearly_10,000_civilia_9.jpg","Tehran was targeted by heavy bombardments on March 11 as the US-Israeli military campaign continued. The day before, US Secretary Pete Hegseth had warned that Iran would know the 'most intense day' of US strikes. Nearly 10,000 civilian sites have been destroyed since the war started, according to Iran's U.N. envoy.",,,
DW News,,Turkey caught in the middle as Iran war escalates,https://www.dw.com/en/turkey-caught-in-the-middle-as-iran-war-escalates/a-76295842?maca=en-rss-en-world-4025-rdf,https://static.dw.com/image/76253661_6.jpg,C:\Users\YDR\OneDrive\Documents\News Scraper\index_files\Turkey_caught_in_the_middle_as_Iran_war_escalates_0.jpg,Turkey has been watching with growing concern as the war between its neighbor Iran and the US and Israel escalates. Ankara fears the conflict could destabilize the region.,,,
DW News,,Can the US military sustain a long war in Iran?,https://www.dw.com/en/can-the-us-military-sustain-a-long-war-in-iran/a-76295419?maca=en-rss-en-world-4025-rdf,https://static.dw.com/image/76197007_6.jpg,C:\Users\YDR\OneDrive\Documents\News Scraper\index_files\Can_the_US_military_sustain_a_long_war_in_Iran__1.jpg,"Trump says the US has a ""virtually unlimited"" supply of weapons. His defense secretary says Iran has ""no hope"" of outlasting the US. But with reportedly low defensive missile stocks, how bullish should Washington be?",,,
DW News,,Lebanese fear wider war as Hezbollah-Israel attacks escalate,https://www.dw.com/en/lebanese-fear-wider-war-as-hezbollah-israel-attacks-escalate/a-76293444?maca=en-rss-en-world-4025-rdf,https://static.dw.com/image/76278443_6.jpg,C:\Users\YDR\OneDrive\Documents\News Scraper\index_files\Lebanese_fear_wider_war_as_Hezbollah-Israel_attack_2.jpg,"The expanding Middle East war has triggered a new displacement crisis in Lebanon. Amid ongoing attacks, Beirut has postponed parliamentary elections. What is happening to people on the ground?",,,
DW News,,"Pakistan to close schools, cut spending over Iran war",https://www.dw.com/en/pakistan-to-close-schools-cut-spending-over-iran-war/a-76293311?maca=en-rss-en-world-4025-rdf,https://static.dw.com/image/76257443_6.jpg,"C:\Users\YDR\OneDrive\Documents\News Scraper\index_files\Pakistan_to_close_schools,_cut_spending_over_Iran__3.jpg","Pakistan announced fuel- and cost-saving measures to mitigate the economic strain from the ongoing conflict in Iran. The steps include temporary school closures, government salary cuts, and a ban on iftar gatherings.",,,
DW News,,"Amid Iran war, civilians trapped between bombs and regime",https://www.dw.com/en/amid-iran-war-civilians-trapped-between-bombs-and-regime/a-76291146?maca=en-rss-en-world-4025-rdf,https://static.dw.com/image/76276269_6.jpg,"C:\Users\YDR\OneDrive\Documents\News Scraper\index_files\Amid_Iran_war,_civilians_trapped_between_bombs_and_4.jpg",Iran's civilians are dealing with US and Israeli airstrikes amid an internet blackout and with nearly no protection provided by the state. Even regime opponents are losing hope that the war will be over soon.,,,
DW News,,Charting the US-Israel war with Iran,https://www.dw.com/en/charting-the-us-israel-war-with-iran/a-76209201?maca=en-rss-en-world-4025-rdf,https://static.dw.com/image/76201565_6.jpg,C:\Users\YDR\OneDrive\Documents\News Scraper\index_files\Charting_the_US-Israel_war_with_Iran_5.jpg,The US-Israeli attacks on Iran have raised tensions in the Middle East. Here's a look at the Iran war in charts and maps.,,,
CNN,2026-03-11,What we know on the 12th day of the US and Israel’s war with Iran | CNN,https://www.cnn.com/2026/03/11/middleeast/us-israel-iran-middle-east-war-what-we-know-intl-hnk,"https://media.cnn.com/api/v1/images/stellar/prod/2026-03-11t003532z-270106255-rc202kaprj0j-rtrmadp-3-iran-crisis-israel.JPG?c=16x9&q=w_800,c_fill",C:\Users\YDR\OneDrive\Documents\News Scraper\index_files\What_we_know_on_the_12th_day_of_the_US_and_Israel’_0.JPG,"A wave of strikes on Iran hit the capital and northern areas overnight into Wednesday, while Tehran launched what it called its “most intense” operation of the war, targeting Israel and Gulf nations, and attacks on ships near the Strait of Hormuz escalated.",,,
